{"base_files_url": "https://raw.githubusercontent.com/willoucom/MisterFPGA_Network_Shares/96e2eab8d56099b1ece3a2c0b693f1041d2eb859/", "db_id": "willoucom/MisterFPGA_Network_Shares", "db_url": "https://raw.githubusercontent.com/willoucom/MisterFPGA_Network_Shares/db/db.json.zip", "files": {"LICENSE.md": {"hash": "15204c2230b36be384db021378b490ae", "size": 7652, "tags": []}, "Scripts/network_shares.py": {"hash": "5a249fb4c9a028af17ce5b53e1ba2b3f", "size": 4614, "tags": [16]}}, "folders": {"Scripts": {"tags": [16]}}, "tag_dictionary": {"scripts": 16}, "timestamp": 1700055972}